{
  "id_range": [0, 3],
  "domain_size": 1.0,
  "friction_angle": 30,
  "wall_friction": 0.37,
  "elastic_modulus": 2E6,
  "poisson_ratio": 0.3,
  "rho": 1800,
  "sim_space": [[0.2, 0.8], [0.2, 0.8], [0.2, 0.8]],
  "sim_resolution": [32, 32, 32],
  "nparticel_per_vol": 262152,
  "nsteps": 350,
  "mpm_dt": 0.0025,
  "gravity": -9.81,
  "is_realtime_vis": true,
  "is_save_animation": true,
  "save_path": "./results/",
  "gen_cube_randomly": {
    "generate": true,
    "ncubes": [2, 3],
    "min_distance_between_cubes": 0.01,
    "cube_size_range": [0.2, 0.4],
    "vel_range": [-2.5, 2.5],
    "cube_gen_space": [[0.21, 0.79], [0.21, 0.79], [0.21, 0.79]],
    "nparticle_limits": 20000
  },
  "gen_cube_from_data": {
    "generate": false,
    "cube_data":
    [
      {
        "id": 0,
        "cubes": [
          [0.28453830394313967, 0.4364558486389113, 0.5149405447122812, 0.36784854474293666, 0.30017914220161035, 0.25906770868932366],
          [0.27818852855661974, 0.3109545418415321, 0.29204855626406934, 0.3628578410137513, 0.27352884532460847, 0.20439952089659474]
        ],
        "velocity_for_cubes": [
          [-0.5186092934075619, -1.42415273137261, -0.7203381022158677],
          [-2.51135928678738, -0.46177585672176047, -1.6270374107151895]
        ]
      },
      {
        "id": 1,
        "cubes": [
          [0.28453830394313967, 0.4364558486389113, 0.5149405447122812, 0.36784854474293666, 0.30017914220161035, 0.25906770868932366],
          [0.27818852855661974, 0.3109545418415321, 0.29204855626406934, 0.3628578410137513, 0.27352884532460847, 0.20439952089659474]
        ],
        "velocity_for_cubes": [
          [-0.5186092934075619, -1.42415273137261, -0.7203381022158677],
          [-2.51135928678738, -0.46177585672176047, -1.6270374107151895]
        ]
      },
      {
        "id": 2,
        "cubes": [
          [0.28453830394313967, 0.4364558486389113, 0.5149405447122812, 0.36784854474293666, 0.30017914220161035, 0.25906770868932366],
          [0.27818852855661974, 0.3109545418415321, 0.29204855626406934, 0.3628578410137513, 0.27352884532460847, 0.20439952089659474]
        ],
        "velocity_for_cubes": [
          [-0.5186092934075619, -1.42415273137261, -0.7203381022158677],
          [-2.51135928678738, -0.46177585672176047, -1.6270374107151895]
        ]
      }
    ]
  }
}